{"linear1":{"weights":[[0.05534307,0.016367309],[0.08686227,0.003293305],[0.085105784,0.007814986],[-0.019270055,-0.07714461],[-0.052578203,0.0030567409],[-0.06426907,-0.07929873],[-0.057014264,0.04508247],[-0.042696163,0.035187833],[-0.08835429,0.05492668],[-0.020773878,-0.06019986],[-0.07268568,-0.0861511],[-0.073124416,-0.053518318],[-0.060392637,-0.045391344],[0.04178405,0.021744223],[0.08932855,-0.018543582],[0.043003034,0.0770233]],"bias":[-0.007984973,-0.007239022,0.009376727,0.009377743,0.009377743,-0.009377743,0.00062242494,-0.008730653,-0.009377742,0.009377743,-0.009377743,-0.009377743,0.009377744,-0.009376727,-0.009376729,0.009376728],"input_size":2,"output_size":16,"grad_weights":[[0.0,0.0],[0.0,0.0],[0.0,0.0],[0.0,0.0],[0.0,0.0],[0.0,0.0],[0.0,0.0],[0.0,0.0],[0.0,0.0],[0.0,0.0],[0.0,0.0],[0.0,0.0],[0.0,0.0],[0.0,0.0],[0.0,0.0],[0.0,0.0]],"grad_bias":[0.0,0.0,0.0,0.0,0.0,0.0,0.0,0.0,0.0,0.0,0.0,0.0,0.0,0.0,0.0,0.0],"cached_input":[[-0.9942964,-0.933029],[-0.78423375,-0.70765966],[0.7562254,0.41918692],[1.1063297,0.86992556],[0.6862045,0.5093347],[1.3864132,1.7714028],[-1.0643172,-1.0231767],[-0.92427546,-0.84288126],[0.966288,1.0952948],[-1.1343381,-1.1583983]]},"relu":null,"linear2":{"weights":[[0.027275866,0.022783216,-0.0013230294,0.014585353,0.019142583,-0.06045685,0.05115605,-0.0844862,-0.020264342,0.024987504,-0.034322545,-0.039106417,0.06530576,0.068464644,0.03705237,0.010330938],[-0.06687314,-0.025411434,0.040466644,-0.030403137,-0.055764485,0.049166985,-0.0829005,0.0016951784,0.012702391,-0.08449574,-0.0027215034,0.02845449,-0.06169181,-0.025460005,-0.097603105,0.08673582]],"bias":[-0.006981056,-0.0059657157],"input_size":16,"output_size":2,"grad_weights":[[0.0,0.0,0.0,0.0,0.0,0.0,0.0,0.0,0.0,0.0,0.0,0.0,0.0,0.0,0.0,0.0],[0.0,0.0,0.0,0.0,0.0,0.0,0.0,0.0,0.0,0.0,0.0,0.0,0.0,0.0,0.0,0.0]],"grad_bias":[0.0,0.0],"cached_input":[[0.0,0.0,0.0,0.06819984,0.026487827,0.118942454,0.0,0.0,0.017654084,0.053885143,0.13370451,0.10369341,0.07946116,0.0,0.0,0.0],[0.0,0.0,0.0,0.04721665,0.016582768,0.08711964,0.0,0.0,0.011022177,0.03640489,0.09856938,0.07582055,0.056995865,0.0,0.0,0.0],[0.02888941,0.046029355,0.045475435,0.0,0.0,0.0,0.0,0.0,0.0,0.0,0.0,0.0,0.0,0.020986173,0.04005241,0.042647477],[0.056409437,0.07784584,0.077965096,0.0,0.0,0.0,0.0,0.0,0.0,0.0,0.0,0.0,0.0,0.046244662,0.06379716,0.091591656],[0.026510794,0.040235486,0.040199924,0.0,0.0,0.0,0.0,0.0,0.0,0.0,0.0,0.0,0.0,0.020041432,0.032146707,0.046559025],[0.08780165,0.105007365,0.10762413,0.0,0.0,0.0,0.0,0.0,0.0,0.0,0.0,0.0,0.0,0.078772336,0.07332273,0.17184812],[0.0,0.0,0.0,0.07633774,0.029728029,0.13075702,0.0,0.0,0.01905502,0.060600813,0.14672615,0.113804,0.08761601,0.0,0.0,0.0],[0.0,0.0,0.0,0.060061928,0.023247618,0.10712786,0.0,0.0,0.016253144,0.047169466,0.12068285,0.093582794,0.07130629,0.0,0.0,0.0],[0.05243356,0.06640048,0.0677197,0.0,0.0,0.0,0.0,0.0,0.0,0.0,0.0,0.0,0.0,0.04538193,0.04719658,0.10283983],[0.0,0.0,0.0,0.0879062,0.0327838,0.14619257,0.0,0.0,0.018026866,0.069983274,0.16367762,0.12637354,0.097770184,0.0,0.0,0.0]]},"task_type":"Classification","input_cache":[[-0.9942964,-0.933029],[-0.78423375,-0.70765966],[0.7562254,0.41918692],[1.1063297,0.86992556],[0.6862045,0.5093347],[1.3864132,1.7714028],[-1.0643172,-1.0231767],[-0.92427546,-0.84288126],[0.966288,1.0952948],[-1.1343381,-1.1583983]],"hidden_cache":[[0.0,0.0,0.0,0.06819984,0.026487827,0.118942454,0.0,0.0,0.017654084,0.053885143,0.13370451,0.10369341,0.07946116,0.0,0.0,0.0],[0.0,0.0,0.0,0.04721665,0.016582768,0.08711964,0.0,0.0,0.011022177,0.03640489,0.09856938,0.07582055,0.056995865,0.0,0.0,0.0],[0.02888941,0.046029355,0.045475435,0.0,0.0,0.0,0.0,0.0,0.0,0.0,0.0,0.0,0.0,0.020986173,0.04005241,0.042647477],[0.056409437,0.07784584,0.077965096,0.0,0.0,0.0,0.0,0.0,0.0,0.0,0.0,0.0,0.0,0.046244662,0.06379716,0.091591656],[0.026510794,0.040235486,0.040199924,0.0,0.0,0.0,0.0,0.0,0.0,0.0,0.0,0.0,0.0,0.020041432,0.032146707,0.046559025],[0.08780165,0.105007365,0.10762413,0.0,0.0,0.0,0.0,0.0,0.0,0.0,0.0,0.0,0.0,0.078772336,0.07332273,0.17184812],[0.0,0.0,0.0,0.07633774,0.029728029,0.13075702,0.0,0.0,0.01905502,0.060600813,0.14672615,0.113804,0.08761601,0.0,0.0,0.0],[0.0,0.0,0.0,0.060061928,0.023247618,0.10712786,0.0,0.0,0.016253144,0.047169466,0.12068285,0.093582794,0.07130629,0.0,0.0,0.0],[0.05243356,0.06640048,0.0677197,0.0,0.0,0.0,0.0,0.0,0.0,0.0,0.0,0.0,0.0,0.04538193,0.04719658,0.10283983],[0.0,0.0,0.0,0.0879062,0.0327838,0.14619257,0.0,0.0,0.018026866,0.069983274,0.16367762,0.12637354,0.097770184,0.0,0.0,0.0]],"logits_cache":[[-0.019827511,-0.016018992],[-0.017872836,-0.0143121155],[-0.0064637936,-0.013692801],[-0.00186087,-0.01375356],[-0.0069786073,-0.012463357],[0.0030387836,-0.010150298],[-0.02053141,-0.016666695],[-0.019123612,-0.015371287],[-0.0027890522,-0.010990353],[-0.021392332,-0.017550638]],"probs_cache":[[0.49904788,0.5009521],[0.4991098,0.5008902],[0.5018072,0.49819276],[0.50297314,0.49702686],[0.5013712,0.49862882],[0.5032972,0.4967028],[0.4990338,0.5009662],[0.4990619,0.50093806],[0.5020503,0.4979497],[0.49903956,0.5009604]]}